{"eta_seconds": 37485.4192816, "fast_rcnn/cls_accuracy": 0.25, "iteration": 3, "roi_head/num_bg_samples": 1.0, "roi_head/num_fg_samples": 0.0, "rpn/num_neg_anchors": 251.5, "rpn/num_pos_anchors": 4.5}
{"data_time": 0.3494032000000118, "iteration": 2, "loss_box_reg": 0.0, "loss_cls": 0.7283743023872375, "loss_rpn_cls": 0.022833872586488724, "loss_rpn_loc": 0.0032215057872235775, "lr": 1.2490000000000002e-06, "time": 75.5754421, "total_loss": 0.815250912681222}
{"eta_seconds": 35907.8962554, "fast_rcnn/cls_accuracy": 0.138671875, "fast_rcnn/false_negative": 0.5037037037037037, "fast_rcnn/fg_cls_accuracy": 0.4962962962962963, "iteration": 5, "roi_head/num_bg_samples": 119.25, "roi_head/num_fg_samples": 8.75, "rpn/num_neg_anchors": 250.0, "rpn/num_pos_anchors": 6.0}
{"data_time": 0.2874966999999913, "iteration": 4, "loss_box_reg": 0.2040107697248459, "loss_cls": 0.8108969926834106, "loss_rpn_cls": 0.025191761553287506, "loss_rpn_loc": 0.005994855426251888, "lr": 2.248e-06, "time": 72.6880491, "total_loss": 1.024752824101597}
{"data_time": 0.16964169999999967, "fast_rcnn/cls_accuracy": 0.072265625, "fast_rcnn/false_negative": 0.13636363636363635, "fast_rcnn/fg_cls_accuracy": 0.8636363636363636, "iteration": 1, "loss_box_reg": 0.11120730265974998, "loss_cls": 0.9004661440849304, "loss_rpn_cls": 0.1342950351536274, "loss_rpn_loc": 0.013442048337310553, "lr": 0.000125125, "roi_head/num_bg_samples": 122.5, "roi_head/num_fg_samples": 5.5, "rpn/num_neg_anchors": 245.5, "rpn/num_pos_anchors": 10.5, "total_loss": 1.1594105302356184}
